,Name,Effect,Target,Element,Synthesis,E-Level,E-Effect,Sell,Location,Category,User,Stats
0,Heal Jar,HP Heal (M),Single Ally,Water,Healing Medicine,Variable,"Healing (0-60), Effect Plus (81-100), HP+(S) (40-70), Muddy (0-50), Powdery (51-100)",16,,Usable,,
1,X-Heal,HP Heal (L),Single Ally,Water,Healing Medicine,Variable,"SP+(M) (60-100), Effect Plus (0-29), Effect Plus+ (81-100), Powdery (0-50), Muddy (51-100)",104,,Usable,,
2,Heal All,HP Heal (S),All Ally,Water,Spreading Machine,Variable,"HP+(L) (80-100), SP+(M) (40-60), Effect Plus (91-100), Muddy (0-39), Powdery (40-60)",156,,Usable,,
3,Cure Jar,Cure Anomaly,Single Ally,Earth,Curing Medicine,Variable,"MGK+(S) (30-100), RES+(S) (50-100), Plus Range (80-90)",28,,Usable,,
4,Nectar,Awaken,Single Ally,Water,God's Drink,Variable,"Stun+(M) (41-50), Critical+(M) (45-50), Effects Plus++ (25-45), Stinky (0-10), Aromatic (30-40), Dirty (71-100)",72,,Usable,,
5,Super Nectar,Awaken,Single Ally,Water,Super Juice,Variable,"Tera Heal (71-100), Mega Heal (50-70), Stinky (0-20), Aromatic (50-70), Dirty (0-30)",186,,Usable,,
6,Shining Grail,Awaken,All Ally,Earth,A Holy Cup,Variable,"Heal All (80-100), Seele (80-100), Bright (20-60), Effect Plus+ (90-100)",232,,Usable,,
7,Amber Soup,SP Heal (S),Single Ally,Wind,Mental Stabilizer,Variable,"SP+(S) (61-100), Effect Plus+ (61-100), Cure (80-100), Dull (0-60)",30,,Usable,,
8,Tranquilizer,SP Heal (L),Single Ally,Wind,Mental Stabilizer,Variable,"Boost (70-100), SP+(M) (60-100), Effect Plus+ (95-100), Detailed (70-94)",164,,Usable,,
9,Elixir,"HP Full Heal, Cure Anomaly",Single Ally,Water,Ultimate Remedy,Variable,"Tera Heal (40-80), SP+(L) (70-100), Heaven's Gate (100), Bright (0-60), Godly (91-100)",310,,Usable,,
10,Steak,"HP Heal (S), ATK Up",Single Ally,Fire,Flaming BBQ,Variable,"HP+(S) (0-69), Critical+(S) (70-100), Effect Plus (0-20), Rare (21-40), Medium (41-60), Well Done (70-100)",38,,Usable,,
11,Broiled Fish,"HP Heal (M), MGK Up",Single Ally,Fire,Flaming BBQ,Variable,"MGK+(S) (0-100), RES+(S) (70-100), Cold (0-40), Warm (60-100)",56,,Usable,,
12,Ceramic Plate,Phys Atk (S),Single Ally,Earth,Flaming BBQ,Variable,"Choke (0-100), DEF+(M) (80-100), Round (100)",162,,Usable,,
13,Fish Boat: Marlow,"HP Full Heal, Cure Anomaly",All Ally,Water,Gorgeous Boat,Variable,"Attack Spec (80-100), CS Cost-(M) (20-80), Simple (0-10), CS Cost-(L) (81-90), CS Effect+(L) (10-19), Gorgeous (60-100)",264,,Usable,,
14,Green Soup,"HP Heal (S), DEF Up",Single Ally,Water,Deliciousoup,Variable,"HP+(S) (60-100), Healing (0-80), Heavy (0-20), Light (41-60), Cold (0-20), Warm (81-100)",18,,Usable,,
15,Red Soup,"HP Heal (S), RES UP",Single Ally,Fire,Deliciousoup,Variable,"ATK+(M) (40-100), Hellwave(70-100), Flaming Spicy (0-15), Spicy (16-30), Bitter (31-60), Sweet (61-100)",120,,Usable,,
16,Golden Soup,"HP Full Heal, Auto Heal",Single Ally,Neutral,Deliciousoup,Variable,"Critical+(L) (20-100), SPD+(L) (0-30), Grand Ray (80-100), Golden (61-100), Powdery (0-60)",382,,Usable,,
17,Flame,Fire DMG (S),Area (M),Fire,Bomb,Variable,"Flame Gaze (30-100), Plus Range (0-29), Effect Plus (61-100), Orgasmic (30-60)",58,,Usable,,
18,Tera Flame,Fire DMG (L),All Enemy,Fire,Super Bomb,Variable,"Flame Gaze (60-100), Hellwave (0-30), Crude (60-100), Detailed (15-25)",206,,Usable,,
19,Bomb Ice,Ice DMG (S),Area (M),Water,Bomb,Variable,"Ice Storm (60-100), Effect Plus+ (91-100), Cold (0-100)",66,,Usable,,
20,Bobomb Ice,Ice DMG (L),All Enemy,Water,Super Bomb,Variable,"Ice Storm (0-40), Ice Volley (60-100), Cold (30-100)",206,,Usable,,
21,Lightning Rod,Ltng DMG (S),Single Enemy,Wind,Bomb,Variable,"Lightning (0-100), Plus Range+ (0-10), Electrifying (0-100)",80,,Usable,,
22,Thunder Rod,Ltng DMG (L),All Enemy,Wind,Super Bomb,Variable,"Lightning (0-40), Plasma Ray (60-100), Electrifying (60-100)",206,,Usable,,
23,Uni,"Phys ATK (S), Poison",Single Enemy,Earth,,50,Poison,2,Wind's Corridor - Mist/Random,Usable,,
24,Big Uni,"Phys ATK (S), Poison",Single Enemy,Earth,,50,"Poison, Grand Ray",25,Dragon's Grave - Bone Grove/Random,Usable,,
25,Uni Bomb,"Magic (S), Poison",Area (S),Fire,Exploding Uni,Variable,"Flare Rain (60-100), HP+(M) (0-40), Thorny (80-100)",88,,Usable,,
26,Big Uni Bomb,"Magic (S), Poison",Area (M),Fire,Uni the Great,Variable,"Venom (0-40), Hellwave (70-100), Alarming (60-100), Thorny (60-100), Orgasmic (0-30)",160,,Usable,,
27,Uni God,"Magic (S), Poison",Single Enemy,Neutral,The Mystic Uni,Variable,"Heaven's Gate (90-100), CS Cost-(L) (0-10), Effect Plus++ (85-90), Godly (80-100), Thorny (0-30)",276,,Usable,,
28,Orange Bomb,"Magic (S), Sleep",Single Enemy,Fire,Fruit Bomb,Variable,"SPD+(S) (0-100), HP+(M) (70-100), Fruity (90-100)",68,,Usable,,
29,Big Orange Bomb,"Magic (M), Sleep",Area (M),Fire,Uni the Great,Variable,"HP+(L) (70-100), Ice Volley (80-100), Alarming (0-40), Fruity (80-100)",120,,Usable,,
30,Lando Bomb,"Magic (S), Seal",Single Enemy,Fire,Sweet Fruit Bomb,Variable,"Stun+(M) (0-100), MGK+(M) (70-100), Fruity (90-100)",78,,Usable,,
31,Big Lando Bomb,"Magic (M), Seal",Area (M),Fire,Uni the Great,Variable,"Nightmare (80-100), Plasma Ray (50-100), Alarming (0-30), Fruity (80-100), Orgasmic (0-30)",138,,Usable,,
32,Globe,Damage (M),Single Enemy,Earth,Twirly Thing,Variable,"Calamity (0-20), Tempest (80-100), Effect Plus++ (100), Round (80-100), Outer Space (0-20)",176,,Usable,,
33,Stellar Globe,"Damage (M), Slow",Single Enemy,Earth,Twirly Thing,Variable,"Call Meteor (99-100), CS Effect+(L) (11-20), Plus Range++ (22-25), Grand Ray (0-10), Outer space (50-100)",438,,Usable,,
34,Unipuni Pudding,"ATK Up, DEF Up",Single Enemy,Earth,Pudding,Variable,"Mega Heal (65-100), Sweet (60-100), Puni (90-100)",98,,Usable,,
35,Cheesecake,"MGK Up, RES Up",Single Ally,Water,Traditional Cake,Variable,"Seele (70-100), Cure (40-100), Effect Plus+ (0-25), Stinky (0-10), Aromatic (80-100), Bitter (11-25)",74,,Usable,,
36,Pumpotatokin Pie,Guard Chance,Single Ally,Earth,Traditional Cake,Variable,"DEF+ (M) (40-80), RES+ (M) (40-100), Plus Range (81-90), Stinky (0-10), Aromatic (80-100)",82,,Usable,,
37,Grape Sherbet,Auto Heal,Single Ally,Wind,Bite-sized Sorbet,Variable,"HP+(L) (70-100), SP+(L) (0-60), Effect Plus+ (81-100), Cold (50-100), Warm (16-18), Muddy (0-15)",120,,Usable,,
38,Muscat Sorbet,Auto Heal,Single Ally,Wind,Bite-sized Sorbet,Variable,"ATK+(L) (60-100), MGK+(L) (60-100), Plus Range (25-30), Cold (30-100), Warm (16-18), Muddy (0-15)",144,,Usable,,
39,Sweetsland,Shield Wall,All Ally,Earth,Sweets Paradise,Variable,"Seele (0-100), Heal All (75-100), Effect Plus++ (100), Gorgeous (40-74), Theme Park (0-25)",300,,Usable,,
40,120% Fruit,Awake,Single Ally,Water,Fruit Juice,Variable,"Seele (50-100), Sour (0-60), Sweet (90-100), Muddy (0-30), Powdery (70-100)",98,,Usable,,
41,Veggielicious,Dispel Buff,Single Enemy,Water,Fruit Juice,Variable,"CS Effect+ (S) (60-100), Cure (70-100), Bitter (0-30), Sweet (70-100)",52,,Usable,,
42,Veggie Purple,Cure Anomaly,Single Ally,Water,Fruit Juice,Variable,"CS Effect+ (M) (40-100), Mega Heal (50-79), Heal All (80-100), Bitter (0-20), Sweet (90-100)",94,,Usable,,
43,ATK Fruit,ATK Up,Single Ally,Fire,,50,"CS Effect+(S), ATK+(L)",100,"Resource Center, Task Sharing, Marathon Event, Bonus Dungeon",Usable,,
44,MGK Fruit,MGK Up,Single Ally,Water,,50,"CS Effect+(M), MGK+(L)",100,"Mana Ruins - Bottom Center, Task Sharing, Marathon Event, Bonus Dungeon",Usable,,
45,DEF Fruit,DEF Up,Single Ally,Earth,,50,"CS Cost-(S), DEF+(L)",100,"Mana Ruins - Bottom Center, Task Sharing, Marathon Event, Bonus Dungeon",Usable,,
46,RES Fruit,RES Up,Single Ally,Wind,,50,"CS Cost-(M), RES+(L)",100,"Task Sharing, Marathon Event, Bonus Dungeon",Usable,,
47,SPD Fruit,SPD Up,Single Ally,Wind,,50,"Boost, SPD+(L)",100,"Task Sharing, Marathon Event, Bonus Dungeon",Usable,,
48,Youthful Apple,Max HP Up,Single Ally,Fire,,50,"CS Effect+(L), HP+(L)",100,"Task Sharing, Mana Ruins - Bottom Center, Heart's Prison",Usable,,
49,Eternal Peach,Max SP Up,Single Ally,Water,,50,"CS Cost-(L), SP+(L)",100,"Task Sharing, Wind's Corridor - Abyss",Usable,,
50,Divine Shield,Guard Chance,Single Ally,Earth,Radiating Disc,Variable,"Flame Rain (80-100), DEF+(M) (50-100), Plus Range (90-100), Holy Power (50)",182,,Usable,,
51,Misty Curtain,Triple RES,Single Ally,Wind,Magic Stake Cloth,Variable,"Silent (70-100), RES+(M) (50-100), Plus Range (90-100), Holy Power (50)",138,,Usable,,
52,Treasure Cape,Invincible,Field,Fire,Invincible Mantle,Variable,"Boost (60-100), Refresh (15-30), Dirty (0-20), Pretty (90-100)",126,,Usable,,
53,Clearwater,,,Water,,55,None,1,Workshop,Material,,
54,Brown Groundwater,,,Earth,,60,"ATK+(S), Stun+ (S)",3,Cafeteria (Chapter 5),Material,,
55,Goat Milk,,,Water,,36,Healing,3,Cafeteria,Material,,
56,Marine Water,,,Water,,75,Half,5,"Student Store (Chapter 4), God's Scar/Pond",Material,,
57,Dunkelhite,,,Fire,,10,CS Effect+(M),32,Dragon's Grave - Cave of Origin/Harvest,Material,,
58,Spinacherb,,,Earth,,55,HP+(S),1,Living Forest/Random,Material,,
59,purplinacherb,,,Earth,,75,HP+(L),19,Wind's Corridor - Abyss/Harvest,Material,,
60,Gash Twig,,,Wind,,60,"MGK+(S), RES+(S)",1,Living Forest/Harvest,Material,,
61,Kittynip,,,Wind,,70,"SP+(M), HP+(M)",27,God's Scar/Harvest,Material,,
62,Eicheloa,,,Earth,,60,"ATK+(S), DEF+(S)",1,The Heights/Harvest,Material,,
63,Poison Shroom,,,Earth,,20,Poison,3,The Heights/Harvest,Material,,
64,Tercia Pollen,,,Water,,80,"MGK+(L), Venom",19,Wind's Corridor - Abyss/Harvest,Material,,
65,Taun,,,Fire,,65,"HP+(M), MGK+(M)",11,Millenium Tree/Random,Material,,
66,Huffin,,,Water,,70,Healing,3,The Heights/Huffin Tree,Material,,
67,Carrotato,,,Earth,,30,ATK+(S),2,"Cafeteria, Old Schoolhouse/Harvest",Material,,
68,Dirt,,,Earth,,55,HP+(S),2,Old Schoolhouse/Harvest,Material,,
69,Red Dirt,,,Fire,,65,"Flame Gaze, HP+(M)",4,The Heights/Harvest,Material,,
70,Black Dirt,,,Earth,,75,"DEF+(M), ATK+(M)",12,Dragon's Grave - Bone Groove/Harvest,Material,,
71,Belgrade Potato,,,Earth,,65,HP+(S),2,Old Schoolhouse - Harvest,Material,,
72,Burdock Straight,,,Earth,,60,ATK+(S),4,The Heights/Harvest,Material,,
73,Burdock Curve,,,Earth,,80,"ATK+(L), Critical+(M)",28,Mana Ruins - Interior Heights/Harvest,Material,,
74,Radish,,,Wind,,65,Cure,12,Mana Ruins - Outskirts/Harvest,Material,,
75,Medicinal Radish,,,Wind,,85,Seele,22,Dragon's Grave - Bone Grove/Harvest,Material,,
76,Shinke Onion,,,Water,,10,"ATK+(L), Critical+(L)",41,God's Scar/Harvest,Material,,
77,Pumpotatokin,,,Earth,,75,"DEF+(M), RES+(M)",12,Mana Ruins - Outskirt/Harvest,Material,,
78,Bitter Grape,,,Wind,,35,RES+(S),22,"Cafeteria (Chapter 5), Millenium Tree/ Harvest",Material,,
79,Night-in-grape,,,Wind,,60,Lightning,31,Millenium Tree/Harest (Night),Material,,
80,Muscat,,,Wind,,80,Cure,37,"Resource Center Dungeon/Vendor, Wind's Corridor - Abyss/Harvest",Material,,
81,Tangerine,,,Water,,55,MGK+(S),22,"Cafeteria, Millenium Tree/Harvest",Material,,
82,Sunrise Orange,,,Water,,70,Ice Storm,31,Millenium Tree/Harvest (Morning),Material,,
83,Mandarin Orange,,,Water,,80,"Cure, Healing",37,"Resource Center Dungeon/Vendor, Wind's Corridor - Abyss/Harvest",Material,,
84,Yubana Fruit,,,Earth,,60,"DEF+(L), MGK+(M)",37,Wind's Corridor - Abyss/Harvest (Afternoon),Material,,
85,Dried Yubana,,,Earth,,75,"Mega Heal, Boost",37,Wind's Corridor - Abyss/Harvest (Night),Material,,
86,Yubana Flower,,,Earth,,90,"Useless, Heal All",37,Wind's Corridor - Abyss/Harvest (Day),Material,,
87,Lando,,,Fire,,60,Lightning. Flame Gaze,10,The Heights/Random,Material,,
88,X-Lando,,,Fire,,20,Critical+(M),22,Millenium Tree/Harvest (Night),Material,,
89,Sweet Lando,,,Fire,,90,Daze+(M),31,Millenium Tree/Harvest (Afternoon),Material,,
90,Canone Rock,,,Fire,,60,Flame Gaze,20,"Student Store, Mana Ruins - Outskirts/Mine",Material,,
91,Glacier Stone,,,Water,,65,Ice Storm,20,"Student Store, Mana Ruis - Outskirts/Mine",Material,,
92,Thunder Stone,,,Wind,,65,Lightning,20,"Student Store, Mana Ruins - Outskirts/Mine",Material,,
93,Raw Komet Ore,,,Earth,,75,"CS Cost-(M), DEF+(L)",57,Wind's Corridor - Abyss/Mine,Material,,
94,Super Komet,,,Earth,,100,"Call Meteor, Very Heavy",91,Old Schoolhouse - Closed Area/Mine,Material,,
95,Gravity Stone,,,Wind,,90,"SPD+(M), RES+(L)",68,Dragon's Grave - Cave of Origin/Mine,Material,,
96,Legien Steel,,,Earth,,55,"DEF+(S), Lightning",20,"Campus Grounds/Vendor, Old Schoolhouse/Random",Material,,
97,Cyprus Copper,,,Fire,,60,"DEF+(S), RES+(S)",28,"Wind's Corridor - Mist/Random, Resource Center Dungeon/Vendor",Material,,
98,Preuve Lead,,,Water,,70,Heavy,28,Dragon's Grave - Bone Grove/Mine,Material,,
99,Elemia Silver,,,Wind,,75,"MGK+(M), SP+(S)",37,Old Schoolhouse - Closed Area/ Mine,Material,,
100,Pendelook,,,Water,,80,"MGK+(L), Tornado",68,"Resource Center Dungeon/Random, Mana Ruins-Bottom Center/Random",Material,,
101,Carbon Boulder,,,Earth,,55,"ATK+(S), RES+(S)",28,"Resource Center Dungeon/Vendor, Dragon's Grave - Bone Grove/Mine",Material,,
102,Chrome Crystal,,,Wind,,75,"RES+(M), Ice Rain",28,Dragon's Grave - Bone Grove/Mine,Material,,
103,King Tuna,,,Water,,95,"Sumo Heavy, Attack Spec",66,"Mana Ruins - Bottom Center/Fish, Dragon's Grave - Cave of Origin/Fish",Material,,
104,Queen Tuna,,,Water,,100,"Sumo Heavy, Defense Spec",66,"Mana Ruins - Bottom Center/Fish, Dragon's Grave - Cave of Origin/Fish",Material,,
105,Bonita,,,Fire,,65,"ATK+(M), DEF+(M)",20,"Resource Center Dungeon/Vendor, Dragon's Grave - Bone Grove/Fish",Material,,
106,Endless Seaweed,,,Water,,60,MGK+(M),5,The Heights/Fish,Material,,
107,Sharkgill,,,Water,,70,"Critical+(L), Daze+(L)",41,"Resource Center Dungeon/Vendor, Mana Ruins - Bottom Center/Fish",Material,,
108,Strom Shell,,,Earth,,60,DEF+ (S),5,The Heights/Fish,Material,,
109,Joker Fish,,,Fire,,55,Grand Ray,5,The Heights/Fish,Material,,
110,King Crab,,,Fire,,60,"REs+(M), Ice Volley",20,Dragon's Grave - Bone Grove/Fish,Material,,
111,Blowfish-X,,,Earth,,15,"Stun+(M), Venom",20,Dragon's Grave - Bone Grove/Fish,Material,,
112,Tiger Blowfish,,,Earth,,70,"Daze+(S), Stun+(S)",5,The Heights/Fish,Material,,
113,Chinook,,,Fire,,75,"Blizzard, Mega Heal",41,Dragon's Grave - Bone Grove/Fish,Material,,
114,Trout,,,Earth,,65,"Hellwave, HP+(M)",20,Dragon's Grave - Bone Grove/Fish,Material,,
115,Masou,,,Wind,,55,Stun+(S),5,The Heights/ Fish,Material,,
116,Puniball,,,Water,,55,RES+(S),3,Living Forest/Random,Material,,
117,Brownie Mask,,,Earth,,65,"Silent, ATK+(S)",8,Resource Center Dungeon/Random,Material,,
118,Tuft,,,Wind,,55,Stun+(S),3,The Heights/Random,Material,,
119,Knot,,,Wind,,80,Daze+(M),24,Millenium Tree/Random,Material,,
120,Shiny Moustache,,,Water,,90,"Mega Heal, Vortex",81,God's Scar/Random,Material,,
121,Beast Fang,,,Fire,,55,Poison,8,Living Forest/Random,Material,,
122,Monster Bone,,,Fire,,70,"Nightmare, Half",44,Dragon's Grave - Bone Grove/Random,Material,,
123,Dragon Bone,,,Fire,,75,"Stun+(L), ATK+(M)",56,Dragon's Grave - Bone Grove/Random,Material,,
124,Dragon Scale,,,Water,,100,"Tempest, RES+(M)",68,"Task Sharing, Dragon's Grave - Cave of Origin/Random",Material,,
125,Dragon Tongue,,,Fire,,100,"Tera Flame, AP Gain+",81,Dragon's Grave - Cave of Origin/Fish,Material,,
126,Angel's Slip,,,Wind,,70,"Healing, RES+(S)",16,"Resource Center Dungeon/Random, Wind's Corridor - Abyss/Random",Material,,
127,Devil's Panties,,,Water,,70,"Provoke, Critical+(M)",44,Wind's Corridor - Abyss/Random,Material,,
128,Rainbow Feather,,,Wind,,85,SPD+(L),95,"Task Sharing, Drop/Dominion",Material,,
129,Crimson Feather,,,Fire,,55,"Flame Gaze, SPD+(S)",16,Resource Center Dungeon/Random,Material,,
130,White Feather,,,Wind,,65,"SP+(S), SPD+(S)",24,"Resource Center Dungeon/Vendor, Wind's Corridor - Abyss/Random",Material,,
131,Black Feather,,,Wind,,100,"Venom, SPD+(M)",68,Mana Ruins - Bottom Center/ Random,Material,,
132,Glowing Petal,,,Earth,,80,"Boost, RES+(L)",56,"Task Sharing, Millenium Tree/Random",Material,,
133,Blue Petal,,,Water,,60,Ice Storm,3,Living Forest/Random,Material,,
134,Red Petal,,,Fire,,65,Critical+(S),3,Millenium Tree/Random,Material,,
135,Wild Meat,,,Fire,,55,Daze+(S),2,Living Forest/Random,Material,,
136,Rotten Meat,,,Earth,,10,"Silent, Curse",2,Wind's Corridor - Abyss/Randim,Material,,
137,Golden Meat,,,Neutral,,75,"Teraflame, Blizzard",45,Drop/Golden Pig,Material,,
138,Worn Weapon,,,Earth,,60,"Critical+(S), ATK+(S)",8,Old Schoolhouse/Random,Material,,
139,Worn Armor,,,Wind,,60,"DEF+(M), SPD+(S)",44,Old Schoolhouse/Random,Material,,
140,Woodchip,,,Earth,,55,Stun+(S),3,Old Schoolhouse/Random,Material,,
141,Giant Woodchip,,,Earth,,65,"Stun+(M), Refresh",16,Millenium Tree/Random,Material,,
142,Soul of Darkness,,,Water,,15,SP+(S),24,Mana Ruins - Outskirts/Random,Material,,
143,Gear,,,Fire,,60,ATK+(S),4,Old Schoolhouse/Random,Material,,
144,Grand Gear,,,Fire,,70,ATK+(M),32,Mana Ruins - Outskirts/Random,Material,,
145,Little Gear,,,Fire,,80,"ATK+(S), Critical+(S)",21,Mana Ruins - Outskirts/Random,Material,,
146,Monster Cookie,,,Fire,,55,Provoke,10,Funny Pouch,Material,,
147,Puni Gummi,,,Water,,60,"Stun+(S), Daze+(S)",10,Funny Pouch,Material,,
148,Puppy Paw Flan,,,Earth,,65,"Half, HP+(S)",10,Funny Pouch,Material,,
149,Taiyaki,,,Water,,60,"Critical+(M), Tornado",39,"Resource Center Dungeon/Vendor, Funny Pouch",Material,,
150,Candy Eye,,,Water,,55,"Flame Gaze, Ice Storm",18,Funny Pouch,Material,,
151,Scale Chips,,,Wind,,75,"HP+(L), SP+(M)",79,Funny Pouch,Material,,
152,99% Chaos Choco,,,Fire,,80,"Tempest, Calamity",79,Funny Pouch,Material,,
153,Vanilla Syrup,,,Water,,60,"RES+(M), Critical+(M)",28,Funny Pouch,Material,,
154,Rocks rock!,,,Fire,,65,"Thunder Rain, ATK+(M)",51,"Task Sharing, Funny Pouch",Material,,
155,Long Ice Cream,,,Water,,70,"Stun+(M), Ice Storm",51,"Resource Center Dungeon/Vendor, Funny Pouch",Material,,
156,Meringue Whip,,,Water,,100,AP Gain+,65,Funny Pouch,Material,,
157,Flour,,,Earth,Powdering Powder,Variable,"HP+(S) (69-89), Flame Gaze (70-100), SP+(S) (0-30), HP+(M) (90-100), MGK+(S) (0-50), ATK+(S) (0-40)",14,,Material,,
158,Salt,,,Water,Powdering Powder,Variable,"Stun+(S) (60-100), Daze+(S) (90-100), Half (0-25), RES+(S) (0-50), Bright (91-100), Spicy (0-40)",32,,Material,,
159,Black Powder,,,Earth,Powdering Powder,Variable,"Daze+(M) (60-100), Silent (85-100), Provoke (30-50), Gritty (21-40), Silky (70-100), Onyx (0-20)",94,,Material,,
160,Polish Powder,,,Earth,Powdering Powder,Variable,"Stun+(S) (0-40), Critical+(S) (60-79), SP+(S) (70-100), Critical+(M) (80-100), Gritty (0-30), Silky (70-100)",52,,Material,,
161,Shiny Powder,,,Wind,Miraculous Powder,Variable,"Mega Heal (55-100), RES+(L) (80-100), CS Cost-(M) (0-30), Bright (80-100), Dull (0-60)",172,,Material,,
162,Magical Clay,,,Earth,How to Knead Dirt,Variable,"Plasma Ray (70-100), Hellwave (0-30), CS Cost-(S) (80-100), Hard (0-60), Soft (70-100)",46,,Material,,
163,Blood Clay,,,Fire,How to Knead Dirt,Variable,"Death Sphere (0-25), Fatal Blow (80-100), Defense Spec (0-50), CS Effect++ (90-100), Crimson (70-100)",122,,Material,,
164,Black Steel,,,Earth,Alchemic Steel,Variable,"DEF+(M) (0-50), Grand Ray (60-100), Daze+(M) (90-100), Heavy (20-60), Onyx (80-100), Rough (0-30)",66,,Material,,
165,Red Steel,,,Fire,Alchemic Steel,Variable,"RES+(M) (0-50), Flare Rain (80-100), Hellwave (90-100), MGK+(M) (20-60), Crimson (80-100), Rought (0-30)",126,,Material,,
166,Blue Steel,,,Water,Alchemic Steel,Variable,"DEF+(L) (0-50), Blizzard (80-100), AP Gain+ (90-100), Very Heavy (20-60), Azure (80-100), Rough (0-30)",146,,Material,,
167,White Steel,,,Wind,Alchemic Steel,Variable,"Heal All (60-100), MGK+(L) (0-50), Critical+(L) (90-100), Death Sphere (20-30), Ivory (80-100), Rough (0-30)",336,,Material,,
168,Altena Ingot,,,Earth,Holy Metal,Variable,"Tera Heal (60-100), ATK+(L) (85-100), Calamity (10-30), Godly (90-100), Rough (0-30)",290,,Material,,
169,Gold Bullion,,,Neutral,Ingot,Variable,"Heaven's Gate (10-30), CS Cost-(L) (80-90), Grand Ray (50-60), Refresh (30-50), Golden (0-100), Godly (81-100)",598,,Material,,
170,Black Liquid,,,Water,God's Drink,Variable,"HP+(S) (0-89), ATK+(M) (40-100), HP+(M) (90-100), Onyx (50), Powdery (51-100), Muddy (0-10)",76,,Material,,
171,Nicro Cloth,,,Water,Generic Cloth,Variable,"DEF+(S) (60-100), HP+(S) (70-100), SP+(S) (0-30), ATK+(S) (0-40), Dirty (0-20), Pretty (90-100)",16,,Material,,
172,Pleather Cloth,,,Wind,Funfur Cloth,Variable,"DEF+(M) (0-100), RES+(M) (0-30), SP+(M) (90-100), Hard (0-30), Shiny (80-100)",32,,Material,,
173,Silky Cloth,,,Wind,Noble Fabric,Variable,"RES+(M) (60-100), Tornado (85-100), CS Effect+(M) (90-100), Thunder Rain (0-25), MGK+(M) (0-40), Shiny (40-60)",66,,Material,,
174,Formell Fabric,,,Wind,Legendary Fabric,Variable,"RES+(L) (80-100), Choke (75-100), Nightmare (20-40), Daze+(L) (15-30), Defense Spec (0-60), Godly (91-100)",230,,Material,,
175,Goat Cheese,,,Wind,Preserved Food,Variable,"Daze+(M) (60-100), Provoke (0-30), Cure (75-100), HP+(M) (0-60), SP+(M) (61-100), Stinky (0-30)",48,,Material,,
176,Bacon,,,Fire,Preserved Food,Variable,"Cure (75-100), SP+(M) (70-100), ATK+(M) (0-25), Daze+(M) (0-40), Hard (20-60)",48,,Material,,
177,Smoked Fish,,,Wind,Preserved Food,Variable,"Stun+(M) (55-100), Plasma Ray (80-100), Venom (0-15), Critical+(M) (0-40), Stinky (0-30)",56,,Material,,
178,Liquid Metal,,,Water,Liquid Metal,Variable,"HP+(L) (60-100), Venom (85-100), Light (0-25), Critical+(L) (15-40), Powdery (0-50), Muddy (50-100)",176,,Material,,
179,Preservative,,,Water,Curing Medicine,Variable,"MGK+(M) (65-100), Ice Storm (0-60), HP+(M) (85-100), SPD+(S) (0-30), Bright (90-100), Dull (0-50)",64,,Material,,
180,Dietary Fiber,,,Earth,Strong Fiber,Variable,"DEF+(M) (60-100), RES+(M) (80-100), Pretty (80-100), Half (0-30), Dirty (0-60)",26,,Material,,
181,Silver Thread,,,Water,Strong Fiber,Variable,"Healing (50-80), Mega Heal (81-100), Cure (70-100), Heal All (90-100), Boost (0-25), Seele (0-50)",158,,Material,,
182,Clear Fiber,,,Water,Magical String,Variable,"SP+(L) (60-100), AP Gain+ (80-90), CS Cost-(L) (20-35), Attack Spec (91-100), MGK+(L) (0-50), Bright (80-100)",210,,Material,,
183,Plosion,,,Fire,Explosive Powder,Variable,"Hellwave (50-100), Flare Rain (55-75), ATK+(M) (76-100), Curse (0-10), Rough (0-50)",90,,Material,,
184,Le Merou Cog,,,Water,Mechanical Box,Variable,"Ice Rain (80-100), MGK+(M) (30-70), Heavy (0-30), Daze+(M) (90-100), Crude (0-50), Detailed (70-100)",94,,Material,,
185,Eternal Turnkey,,,Wind,Spring Decor,Variable,"Lightning (60-100), Stun+(S) (0-60), HP+(S) (0-40), SP+(S) (90-100), Crude (0-50), Detailed (70-100)",66,,Material,,
186,Zettel,,,Earth,Normal Paper,Variable,"SP+(S) (60-100), Healing (70-100), MGK+(S) (0-40), ATK+(S) (0-30), Half (80-100), Critical+(S) (0-20)",22,,Material,,
187,Holy Crest Paper,,,Earth,Expensive Paper,Variable,"Ice Rain (55-100), Seele (70-100), SP+(M) (0-25), Tempest (30-40), Dirty (0-10), Pretty (90-100)",102,,Material,,
188,Apollo's Diapason,,,Wind,Vibrating Metal,Variable,"Critical+(M) (75-100), Silent (60-100), Provoke (0-20), Daze+(M) (0-40), Harmony (90-100), Cacophony (0-30)",96,,Material,,
189,Fortune Ring,,,Earth,Mystery Ring,Variable,"Stun+(L) (0-30), Critical+(L) (90-100), Choke (90-100), Nightmare (0-10), Detailed (0-10)",284,,Material,,
190,Galilean Scope,,,Water,Thermometer,Variable,"Ice Volley (0-25), Hellwave (75-100), Refresh (40-80), Crude (0-10), Detailed (90-100)",54,,Material,,
191,Pentagle,,,Earth,Shiny Stone,Variable,"Daze+(L) (0-40), RES+(L) (80-100), Fatal Blow (80-90), ATK+(L) (0-60), CS Effect+(L) (0-20), Dark Power (91-100)",288,,Material,,
192,Brilliant Stone,,,Water,Shiny Stone,Variable,"DEF+(L) (40-80), MGK+(L) (70-100), Boost (81-90), Tempest (0-30), CS Cost-(L) (0-15), Holy Power (91-100)",254,,Material,,
193,Gearbox,,,Earth,Mechanical Box,Variable,"Thunder Rain (70-100), Critical+(M) (30-80), Crude (0-40), Detailed (90-100)",76,,Material,,
194,Canone Crystal,,,Fire,Spirit Crystal,Variable,"Hellwave (70-100), Flare Rain (50-100), ATK+(L) (70-80), Dull (0-50), Bright (90-100), Pretty (60-100)",124,,Material,,
195,Glacier Crystal,,,Water,Spirit Crystal,Variable,"Ice Volley (70-100), Ice Rain (50-100), MGK+(L) (70-80), Dull (0-50), Bright (90-100), Pretty (60-100)",102,,Material,,
196,Thunder Crystal,,,Wind,Spirit Crystal,Variable,"Plasma Ray (70-100), Thunder Rain (50-100), SPD+(L) (70-80), Dull (0-50), Bright (90-100), Pretty (60-100)",98,,Material,,
197,Auto Igniter,,,Fire,Igniter Device,Variable,"Teraflame (80-100), Call Meteor (85-90), Attack Spec (0-60), Crude (0-30), Detailed (80-100)",252,,Material,,
198,Coolster,,,Water,Cooler,Variable,"Blizzard (80-100), Heaven's Gate (85-90), Defense Spec (0-60), Crude (0-30), Detailed (80-100), Cold (0-50)",244,,Material,,
199,Voidspark Pipe,,,Wind,Vacuum Pipe,Variable,"Vortex (80-100), Death Sphere (85-90), SPD+(L) (0-60), Crude (0-30), Detailed (80-100), Electrifying (0-50)",306,,Material,,
200,Metronome,,,Earth,Rhythmical Machine,Variable,"Thunder Rain (55-75), SPD+(S) (50-100), Critical (M) (80-100), Tornado (0-50), Crude (0-30), Detailed (80-100)",128,,Material,,
201,Carabine Harp,,,Fire,Musical Strings,Variable,"Vortex (0-25), Blizzard (75-100), Attack Spec (30-40), Defense Spec (60-70), Cacophony (0-30), Harmony (95-100)",262,,Material,,
202,Wood Tympani,,,Earth,Swinging Drum,Variable,"Stun+(S) (60-100), Daze+(S) (70-100), Crude (0-15), Harmony (0-100)",70,,Material,,
203,Organne la Firste,,,Wind,Giant Music Device,Variable,"Heaven's Gate (75-90), CS Effect+(L) (10-25), CS Effect+(M) (40-60), Detailed (90-100), Cacophony (0-10), Harmony (80-100)",302,,Material,,
204,Velvet Horn,,,Wind,Vortex Trumpet,Variable,"Tempest (30-80), Daze+(L) (80-90), Venom (90-100), Ice Volley (0-40), Cacophony (0-40), Harmony (90-100)",232,,Material,,
205,Alchemic Cymbal,,,Fire,Echoing Cymbal,Variable,"Stun+(M) (65-100), Daze+ (M) (76-100), Provoke (10-25), Nightmare (0-25), Cacophony (0-25), Harmony (90-100)",110,,Material,,
206,Loveless Potion,,,Water,Mystery Medicine,Variable,None,38,,Material,,
207,Earth Core,,,Earth,,Variable,"DEF++, Daze++",N/A,Bonus Dungeon,Material,,
208,Wind Core,,,Wind,,Variable,"SPD++, Attack Spec+",N/A,Bonus Dungeon,Material,,
209,Aqua Core,,,Water,,Variable,"RES++, Critical++",N/A,Bonus Dungeon,Material,,
210,Flame Core,,,Fire,,Variable,"ATK++, Stun++",N/A,Bonus Dungeon,Material,,
211,Metal Core,,,Earth,,Variable,"MGK++, SP++",N/A,Bonus Dungeon,Material,,
212,Nature Core,,,Water,,Variable,"HP++, Regenerate",N/A,Bonus Dungeon,Material,,
213,Mist Core,,,Wind,,Variable,"Block, Defense Spec+",N/A,Bonus Dungeon,Material,,
214,Soul Core,,,Fire,,Variable,"Guts, Last Stand",N/A,Bonus Dungeon,Material,,
215,Force Core,,,Water,,Variable,"CS Effect++, CS Cost--",N/A,Bonus Dungeon,Material,,
216,Eternal Core,,,Wind,,Variable,"Death Blow, Quick",N/A,Bonus Dungeon,Material,,
217,Ragged Collar,,,Earth,Old Collar,Variable,,28,,Weapon,Vayne,"ATK+9, MGK+2, DEF+2, RES+2, SPD+2"
218,Leather Collar,,,Water,Old Collar,Variable,,62,,Weapon,Vayne,"ATK+17, MGK+4, DEF+4, RES+4, SPD+4"
219,Flea Necklace,,,Water,Medicinal Collar,Variable,,58,,Weapon,Vayne,"ATK+22, MGK+6, DEF+6, RES+6, SPD+6"
220,Pretty Ribbon,,,Wind,Cute Ribbon,Variable,,80,,Weapon,Vayne,"ATK+32, MGK+16, DEF+16, RES+16, SPD+8"
221,Giant's Ring,,,Earth,Huge Ring,Variable,,184,,Weapon,Vayne,"ATK+45, MGK+23, DEF+23, RES+23, SPD+11"
222,Bone Necklace,,,Fire,Medicinal Collar,Variable,,140,,Weapon,Vayne,"ATK+34, MGK+17, DEF+17, RES+17, SPD+9"
223,Jumbo Donut,,,Fire,Huge Donut,Variable,,138,,Weapon,Vayne,"ATK+68, MGK+34, DEF+34, RES+34, SPD+17"
224,Cait Sith's Collar,,,Water,Cute Ribbon,Variable,,298,,Weapon,Vayne,"ATK+85, MGK+43, DEF+43, RES+43, SPD+21"
225,Runed Collar,,,Water,Collar of Magic,Variable,,312,,Weapon,Vayne,"ATK+97, MGK+49, DEF+49, RES+49, SPD+24"
226,Magic Stone Collar,,,Fire,Collar of Magic,Variable,,564,,Weapon,Vayne,"ATK+108, MGK+54, DEF+54, RES+54, SPD+27"
227,Brisingamen,,,Fire,God's Necklace,Variable,,516,,Weapon,Vayne,"ATK+121, MGK+61, DEF+61, RES+61, SPD+30"
228,Mana Torque,,,Wind,,Variable,,1,Bonus Dungeon,Weapon,Vayne,"HP+75, SP+75, ATK+150, MGK+150, DEF+75, RES+75, SPD+32"
229,Pyre Blade,,,Fire,Standard Mechsword,Variable,,72,,Weapon,Flay,ATK+39
230,Machine Cradle,,,Wind,Eponic Mechsword,Variable,,111,,Weapon,Flay,ATK+49
231,Alvero,,,Wind,Modified Mechsword,Variable,,172,,Weapon,Flay,ATK+63
232,Sharkgill Sword,,,Water,Modified Mechsword,Variable,,272,,Weapon,Flay,ATK+88
233,Pyre Blade II,,,Fire,Standard Mechsword,Variable,,340,,Weapon,Flay,ATK+117
234,Progius,,,Fire,Enchanced Mechsword,Variable,,336,,Weapon,Flay,ATK+134
235,Quartz Slicer,,,Wind,Motorized Mechsword,Variable,,354,,Weapon,Flay,ATK+147
236,Deus ex Machina,,,Water,Master Mechsword,Variable,,598,,Weapon,Flay,ATK+166
237,Dandy Blade,,,Neutral,,Variable,,1,Bonus Dungeon,Weapon,Flay,"HP+200, ATK+200, DEF+100"
238,Astral Card,,,Water,Game Card,Variable,,78,,Weapon,Roxis,"MGK+29, RES+15"
239,Flonne's Charm,,,Fire,Ritual Charm,Variable,,180,,Weapon,Roxis,"MGK+38, RES+19"
240,Bonus Card,,,Water,Bonus Card,Variable,,124,,Weapon,Roxis,"MGK+52, RES+26"
241,Trauer Tarot,,,Water,Magic Card,Variable,,192,,Weapon,Roxis,"MGK+62, RES+31"
242,Solingen,,,Fire,Razor Card,Variable,,198,,Weapon,Roxis,"ATK+50, MGK+43, RES+22"
243,Wild Card,,,Neutral,Razor Card,Variable,,268,,Weapon,Roxis,"MGK+84, RES+42"
244,Itsa Card,,,Wind,Game Card,Variable,,444,,Weapon,Roxis,"MGK+103, RES+52"
245,Type Solomon,,,Wind,Magic Act,Variable,,402,,Weapon,Roxis,"MGK+118, RES+59"
246,Fate Spinner,,,Neutral,,Variable,,1,Bonus Dungeon,Weapon,Roxis,"SP+100, MGK+150, DEF+50, RES+150, SPD+25"
247,Favorite Bag,,,Wind,Lovely Bag,Variable,,20,,Weapon,Philo,MGK+13
248,Fake Brand Bag,,,Water,Luxury Purse,Variable,,36,,Weapon,Philo,MGK+23
249,Brand Name Bag,,,Fire,Luxury Purse,Variable,,66,,Weapon,Philo,MGK+34
250,Alchemist's Basket,,,Earth,Net Basket,Variable,,82,,Weapon,Philo,MGK+49
251,Alchemic Bag,,,Earth,Alchemy Pack,Variable,,208,,Weapon,Philo,"MGK+61, DEF+20"
252,Plate Bag,,,Fire,Metallic Pack,Variable,,298,,Weapon,Philo,"MGK+96, DEF+48"
253,Eco-bag,,,Earth,Net Basket,Variable,,354,,Weapon,Philo,MGK+116
254,Angel's Bag,,,Wind,Alchemy Pack,Variable,,438,,Weapon,Philo,MGK+138
255,Dimension Bag,,,Neutral,High Capacity Pack,Variable,,486,,Weapon,Philo,MGK+151
256,Shopping Basket,,,Neutral,,Variable,,1,Bonus Dungeon,Weapon,Philo,"SP+100, MGK+250, DEF+150"
257,Crack Hammer,,,Wind,Hammeryhammer,Variable,,76,,Weapon,Nikki,"ATK+10, SPD+5"
258,Wooden Club,,,Earth,Wooden Beatstick,Variable,,26,,Weapon,Nikki,"ATK+16, SPD+8"
259,Brownie Hammer,,,Wind,Wooden Beatstick,Variable,,72,,Weapon,Nikki,"ATK+23, SPD+12"
260,Crusher Twins,,,Earth,Hammeryhammer,Variable,,92,,Weapon,Nikki,"ATK+30, SPD+15"
261,Sledgehammer,,,Fire,Charge Hammer,Variable,,152,,Weapon,Nikki,"ATK+39, SPD+20"
262,Vorey Splitter,,,Wind,Hammeryhammer Plus,Variable,,228,,Weapon,Nikki,"ATK+56, SPD+28"
263,Yula Hammer,,,Earth,Wooden Beatstick,Variable,,342,,Weapon,Nikki,"ATK+88, SPD+44"
264,Grand Sledgehammer,,,Fire,Charge Hammer,Variable,,648,,Weapon,Nikki,"ATK+111, SPD+56"
265,Thor Hammer,,,Wind,God's Hammer,Variable,,654,,Weapon,Nikki,"ATK+120, SPD+60"
266,Utimate Mace,,,Neutral,,Variable,,1,Bonus Dungeon,Weapon,Nikki,"HP+100, ATK+150, MGK+50, DEF+100, RES+50"
267,Doll's Claw,,,Earth,Stuff Animal,Variable,,38,,Weapon,Pamela,"SP+9, MGK+17"
268,Plastic Claw,,,Fire,Stuffed Animal,Variable,,96,,Weapon,Pamela,"SP+13, MGK+26"
269,Steel Claw,,,Earth,Metallic Claw,Variable,,106,,Weapon,Pamela,"SP+18, MGK+32"
270,Bear Claw,,,Wind,Beast's Claw,Variable,,186,,Weapon,Pamela,"SP+21, MGK+39"
271,Alloy Claw,,,Earth,Metallic Claw,Variable,,328,,Weapon,Pamela,"SP+53, MGK+89"
272,Super Alloy Claw,,,Earth,Metallic Claw,Variable,,488,,Weapon,Pamela,"SP+61, MGK+101"
273,Electric Claw,,,Wind,Beast's Claw,Variable,,470,,Weapon,Pamela,"SP+76, MGK+177"
274,Hellclaw,,,Earth,Super Weapon,Variable,,574,,Weapon,Pamela,"SP+97, MGK+139"
275,Platinum Claw,,,Wind,,Variable,,1,Bonus Dungeon,Weapon,Pamela,"SP+300, MGK+150, RES+50"
276,Dimentia Blade,,,Water,Favorite Sword,Variable,,162,,Weapon,Anna,"ATK+25, MGK+19"
277,Muramasa,,,Water,Favorite Sword,Variable,,212,,Weapon,Anna,"ATK+38, MGK+30"
278,Blue Dragon,,,Water,Foreign Blade,Variable,,186,,Weapon,Anna,"ATK+62, MGK+53"
279,Ben Breaker,,,Earth,Foreign Blade,Variable,,364,,Weapon,Anna,"ATK+76, MGK+68"
280,Azoth Z,,,Neutral,Alchemic Sword,Variable,,498,,Weapon,Anna,"ATK+87, MGK+83"
281,Pellucian,,,Water,Master's Swing,Variable,,408,,Weapon,Anna,"ATK+97, MGK+97"
282,Stargazer,,,Water,,Variable,,1,Bonus Dungeon,Weapon,Anna,"SP+100, ATK+200, MGK+50, DEF+100, SPD+50"
283,Commercial Pot,,,Fire,Sphere Spaceship,Variable,,92,,Weapon,Muppy,"MGK+34, DEF+34"
284,Proto Pot,,,Fire,Sphere Spaceship,Variable,,182,,Weapon,Muppy,"MGK+52, DEF+52"
285,Mark II,,,Fire,Neo Spaceship,Variable,,242,,Weapon,Muppy,"MGK+81, DEF+81"
286,Pot Station,,,Earth,Object from Space,Variable,,382,,Weapon,Muppy,"MGK+101, DEF+101"
287,Crown Pot,,,Earth,Royal Spaceship,Variable,,618,,Weapon,Muppy,"MGK+111, DEF+111"
288,Pleasant Pot,,,Earth,,Variable,,1,Bonus Dungeon,Weapon,Muppy,"HP+300, MGK+200, DEF+200"
289,Leather Cuirass,,,Earth,Light Armor,Variable,,62,,Armor,"Vayne, Flay, Anna, Nikki","DEF+61, RES+64"
290,Iron Plate,,,Earth,Platemail,Variable,,94,,Armor,"Vayne Flay, Anna, Nikki","DEF+74, RES+77"
291,Bronze Plate,,,Earth,Platemail,Variable,,134,,Armor,"Vayne, Flay, Anna, Nikki","DEF+96, RES+99"
292,Baked Plate,,,Fire,Platemail,Variable,,80,,Armor,"Vayne, Flay, Anna, Nikki","DEF+85, RES+88"
293,Armored Crab,,,Water,Platemail,Variable,,120,,Armor,"Vayne, Flay, Anna, Nikki","DEF+105, RES+110"
294,Kaiserfish Mail,,,Water,Royal Metal Armor,Variable,,256,,Armor,"Vayne, Flay, Anna, Nikki","DEF+120, RES+125"
295,Silver Cuirass,,,Wind,Royal Metal Armor,Variable,,238,,Armor,"Vayne, Flay, Anna, Nikki","DEF+124, RES+129"
296,Gold Mail,,,Neutral,Royal Metal Armor,Variable,,480,,Armor,"Vayne, Flay, Anna, Nikki","DEF+137, RES+143"
297,Male Uniform,,,Earth,Standard Uniform - M,Variable,,20,,Armor,"Vayne, Flay, Roxis","DEF+43, RES+37"
298,Altered Uniform M,,,Earth,Standard Uniform - M,Variable,,38,,Armor,"Vayne, Flay, Roxis","DEF+56, RES+49"
299,Japanesque Uniform,,,Fire,Oldschool Uniform,Variable,,52,,Armor,"Vayne, Flay, Roxis","DEF+77, RES+68"
300,White Japanesque,,,Water,Oldschool Uniform,Variable,,170,,Armor,"Vayne, Flay, Roxis","DEF+116, RES+102"
301,Gangster,,,Wind,Oldschool Uniform,Variable,,356,,Armor,"Vayne, Flay, Roxis","DEF+129, RES+113"
302,King Style,,,Earth,Royal Clothes,Variable,,346,,Armor,"Vayne, Flay, Roxis","DEF+141, RES+124"
303,Female Uniform,,,Wind,Standard Uniform - F,Variable,,20,,Armor,"Jess, Anna, Nikki, Pamela","DEF+31, RES+49"
304,Altered Uniform F,,,Wind,Standard Uniform - F,Variable,,40,,Armor,"Jess, Anna, Nikki, Pamela","DEF+31, RES+49"
305,Long Uniform,,,Wind,Standard Uniform - F,Variable,,74,,Armor,"Jess, Anna, Nikki, Pamela","DEF+51, RES+79"
306,Bad Girl,,,Fire,Retro Uniform,Variable,,92,,Armor,"Jess, Anna, Nikki, Pamela","DEF+62, RES+98"
307,Maiden,,,Wind,Retro Uniform,Variable,,456,,Armor,"Jess, Anna, Nikki, Pamela","DEF+104, RES+163"
308,Heaven's Silk,,,Wind,Elegant Clothes,Variable,,182,,Armor,"Jess, Anna, Nikki, Pamela","DEF+79, RES+124"
309,Black Cat,,,Earth,Cat Suit,Variable,,158,,Armor,"Jess, Anna, Nikki, Pamela","DEF+66, RES+104"
310,Kitty Ear Maid,,,Fire,Cat Suit,Variable,,400,,Armor,"Jess, Anna, Nikki, Pamela","DEF+97, RES+151"
311,Raven Robe,,,Earth,Robe,Variable,,68,,Armor,"Roxis, Jess, Pamela, Muppy","DEF+74, RES+101"
312,Arabesque Robe,,,Wind,Robe,Variable,,64,,Armor,"Roxis, Jess, Pamela, Muppy","DEF+57, RES+78"
313,La Matador,,,Fire,Robe,Variable,,86,,Armor,"Roxis, Jess, Pamela, Muppy","DEF+66, RES+89"
314,Aurora Curtain,,,Water,Magic Garments,Variable,,286,,Armor,"Roxis, Jess, Pamela, Muppy","DEF+150, RES+150"
315,Dragonscale Garb,,,Fire,Magic Garments,Variable,,322,,Armor,"Roxis, Jess, Pamela, Muppy","DEF+123, RES+120"
316,Fishscale Garb,,,Water,Magic Garments,Variable,,172,,Armor,"Roxis, Jess, Pamela, Muppy","DEF+136, RES+136"
317,Chocolate Robe,,,Water,Robe,Variable,,196,,Armor,"Roxis, Jess, Pamela, Muppy","DEF+147, RES+107"
318,Estevan Guard,,,Wind,Heavy Armor,Variable,,330,,Armor,"Vayne, Flay","ATK+19, DEF+149, RES+99"
319,Bone Breastplate,,,Fire,Heavy Armor,Variable,,170,,Armor,"Vayne, Flay","ATK+16, DEF+122, RES+81"
320,Crown Breastplate,,,Earth,Holy Armor,Variable,,432,,Armor,"Vayne, Flay","ATK+22, DEF+175, RES+155"
321,Panzer Cloak,,,Earth,Hardened Cloak,Variable,,118,,Armor,Roxis,"MGK+13, DEF+69, RES+104"
322,Imperial Cloak,,,Earth,Hardened Cloak,Variable,,332,,Armor,Roxis,"MGK+20, DEF+103, RES+155"
323,Feathery Flow,,,Wind,Women's Armor,Variable,,186,,Armor,"Anna, Nikki","ATK+16, DEF+129, RES+144"
324,Star Queen,,,Earth,Women's Armor,Variable,,370,,Armor,"Anna, Nikki","ATK+18, DEF+143, RES+127"
325,Angel Cloth,,,Wind,Women's Armor,Variable,,456,,Armor,"Anna, Nikki","ATK+19, DEF+151, RES+134"
326,Alchemy Robe,,,Water,Legendary Robe,Variable,,334,,Armor,"Jess, Pamela","MGK+25, DEF+65, RES+195"
327,Saint's Garb,,,Wind,Legendary Robe,Variable,,536,,Armor,"Jess, Pamela","MGK+27, DEF+71, RES+214"
328,Lucifer's Leotard,,,Wind,Sexy Outfit,Variable,,398,,Armor,"Jess, Pamela","MGK+25, DEF+67, RES+201"
329,Bleak Veil,,,Neutral,Dark Battlespirit,Variable,,590,,Armor,Vayne,"DEF+199, RES+180"
330,Gallant Mantle,,,Neutral,Man's Mantle,Variable,,528,,Armor,Flay,"DEF+238, RES+149"
331,Grand Alchemist,,,Neutral,Grand Robe,Variable,,596,,Armor,Roxis,"DEF+149, RES+238"
332,Biohair Wig,,,Neutral,Sensitive Hair,Variable,,538,,Armor,Philo,"DEF+179, RES+198"
333,Holy Beast Hide,,,Neutral,Beast Hide,Variable,,582,,Armor,Nikki,"DEF+207, RES+177"
334,Knight's Waistcoat,,,Neutral,Master's Outfit,Variable,,534,,Armor,Anna,"DEF+179, RES+179, SPD+40"
335,Robe of Life,,,Neutral,Incanter's Garb,Variable,,592,,Armor,Pamela,"DEF+119, RES+268"
336,Rejuvenator Skin,,,Neutral,Liquid Armor,Variable,,466,,Armor,Muppy,"DEF+250, RES+156"
337,Mana-eurism Coat,,,Neutral,,Variable,,1,Bonus Dungeon,Armor,Vayne,"ATK+50, MGK+50, DEF+150, RES+150, SPD+25"
338,Man's Clothes,,,Neutral,,Variable,,1,Bonus Dungeon,Armor,Flay,"HP+150, ATK+250"
339,Meister Cloak,,,Neutral,,Variable,,1,Bonus Dungeon,Armor,Roxis,"MGK+50, DEF+100, RES+200, SPD+25"
340,Dame's Hair,,,Neutral,,Variable,,1,Bonus Dungeon,Armor,Philo,"MGK+80, DEF+120, RES+160"
341,Beast Leather,,,Neutral,,Variable,,1,Bonus Dungeon,Armor,Nikki,"ATK+100, DEF+175, RES+125"
342,Swiftwing Garb,,,Neutral,,Variable,,1,Bonus Dungeon,Armor,Anna,"ATK+60, DEF+120, RES+120, SPD+50"
343,Platinum Robe,,,Neutral,,Variable,,1,Bonus Dungeon,Armor,Pamela,"SP+100, MGK+75, RES+150"
344,Future Suit,,,Neutral,,Variable,,1,Bonus Dungeon,Armor,Muppy,"HP+166, DEF+166, RES+166"
345,Flame Ring,Fire Resist,,Fure,Magic Ring,Variable,,138,,Accessory,,
346,Ice Ring,Ice Resist,,Water,Magic Ring,Variable,,138,,Accessory,,
347,Thunder Ring,Thunder Resist,,Wind,Magic Ring,Variable,,138,,Accessory,,
348,Fires of Hell,Fire Resist+,,Fire,Pot of Flames,Variable,,426,,Accessory,,
349,Diamond Dust,Ice Resist+,,Water,Freezing Device,Variable,,412,,Accessory,,
350,Electric Elect,Thunder Resist+,,Wind,Electric Machine,Variable,,376,,Accessory,,
351,Puppy Paw Gloves,HP Up,,Earth,Gloves,Variable,,18,,Accessory,,HP+30
352,Asclepius,SP Up,,Earth,Small Wand,Variable,,36,,Accessory,,SP+20
353,Stone of Alectoria,HP Up,,Fire,Stone of Sealing,Variable,,222,,Accessory,,HP+60
354,Symbol of Uroborus,SP Up,,Earth,Alchemy Symbol,Variable,,278,,Accessory,,SP+40
355,Thorn Gauntlet,ATK Up,,Fire,Gloves,Variable,,56,,Accessory,,ATK+20
356,Straw Doll,MGK Up,,Earth,Doll,Variable,,36,,Accessory,,MGK+20
357,Gloves of Artorius,DEF Up,,Earth,Gloves,Variable,,60,,Accessory,,DEF+20
358,Vasilissa's Doll,RES Up,,Wind,Doll,Variable,,52,,Accessory,,RES+20
359,Angel Wing,SPD Up,,Wind,Wing of an Angel,Variable,,88,,Accessory,,SPD+20
360,Megingjorz,ATK Up,,Wind,Power Girdle,Variable,,466,,Accessory,,ATK+80
361,Jade Tablet,MGK Up,,Water,Jade Tablet,Variable,,404,,Accessory,,MGK+80
362,Shield of Ajax,DEF Up,,Earth,Hard Shield,Variable,,310,,Accessory,,DEF+80
363,Mirror of Gargol,RES Up,,Water,Hard Shield,Variable,,310,,Accessory,,RES+80
364,Archangel Wings,All Stats Up,,Wind,Wing of an Angel,Variable,,412,,Accessory,,"HP+40, SP+20, ATK+20, MGK+20, DEF+20, RES+20, SPD+10"
365,Fallen Wing,SPD Up,,Wind,Wing of an Angel,Variable,,214,,Accessory,,SPD+20
366,Scale Gauntlet,ATK and MGK Up,,Water,Gloves,Variable,,224,,Accessory,,"ATK+25, MGK+25"
367,Kaiser: Aqua Hero,Status Change,,Water,Fishbot,Variable,,276,,Accessory,,"HP+50, SP+50, ATK+50, MGK+50"
368,Aroma Material,Anomaly Immune,,Wind,The Gem of Alchemy,Variable,,408,,Accessory,,
369,Toad Mouth,Gain Cole+,,Wind,Wallet,Variable,,124,,Accessory,,
370,Philosopher's Hand,AP Gain Up,,Earth,Handprint,Variable,,102,,Accessory,,
371,Glasses of Death,Critical Up,,Earth,Glasses,Variable,,150,,Accessory,,
372,Feather Charm,DEF and RES Up,,Wind,Head Gear,Variable,,90,,Accessory,,"DEF+10, RES+10"
373,Kitty Ears,HP and SP Up,,Earth,Head Gear,Variable,,104,,Accessory,,"HP+30, SP+15"
374,Bunny Ears,Stun Immune,,Wind,Head Gear,Variable,,290,,Accessory,,
375,Tangerine Hat,Poison Immune,,Water,Fancy Hat,Variable,,70,,Accessory,,
376,Lando Cap,Seal Immune,,Fire,Fancy Hat,Variable,,92,,Accessory,,
377,Yubana Cover,Sleep and Curse Immune,,Earth,Fancy Hat,Variable,,166,,Accessory,,
378,Afrotic Wig,RES,,Fire,Afrotic Wig,Variable,,190,,Accessory,,
379,Flying Fish Boots,DEF,,Wind,Boots,Variable,,290,,Accessory,,
380,Winged Boots,SP and SPD Up,,Wind,Boots,Variable,,168,,Accessory,,SP+20
381,Mana-eurism Ring,Auto HP Heal,,Neutral,,50,,1,Bonus Dungeon,Accessory,,"HP+50, SP+50, ATK+50, MGK+50, DEF+50, RES+50, SPD+25"
382,Willpower Headband,Guts + Stun Resist,,Neutral,,50,,1,Bonus Dungeon,Accessory,,"HP+200, DEF+100"
383,Quickshifter,Shorter Wait,,Neutral,,50,,1,Bonus Dungeon,Accessory,,SPD+50
384,Scapegoat Doll,Anomaly Immune,,Neutral,,Variable,,1,Bonus Dungeon,Accessory,,RES+200
385,Twilight Morion,Critical Up,,Neutral,,Variable,,1,Bonus Dungeon,Accessory,,"SP+150, MGK+150"
386,Flask of Galileo,,,Neutral,Synthesizer's Text,0,,0,,Key,,
